style,family,bpm_low,bpm_high,meter_options,original_palette,role_track_count,track_ids_without_individual_sound_id,shared_drum_kit_id,kit_is_unverified,declared_known_resource_mapping_caveat,styles_current_status,stage_connections_active,source_audio_verified_by_this_audit
"ROCK","Rock","100","145","4/4","electric_bass|electric_guitar|lead_guitar|drums","9","","rock_recorded","NO","electric_bass -> KARORYFER_GROWLYBASS_V1_002 (legacy alias)|electric_guitar -> KARORYFER_SHINYGUITAR (role selector)|lead_guitar -> KARORYFER_SHINYGUITAR (legacy alias) ; unresolved palette names: drums","WORKING_ROCK_PROTECTED_UNCHANGED","NO","NOT_ASSESSED"
"Swing","Jazz","95","210","4/4","double_bass|electric_piano|trumpet|drums_ride","6","KICK|SNARE|HAT","unverified_drums_ride","YES","double_bass -> JAZZ_MEATBASS_PINNED (Jazz Ballad only)|electric_piano -> GREG_SULLIVAN_E_PIANOS ; unresolved palette names: trumpet|drums_ride","DRAFT_SUGGESTED_RATIOS_NOT_DEPLOYED","NO","NOT_ASSESSED"
"Jazz Ballad","Jazz","45","85","4/4|3/4","double_bass|electric_piano|clarinet|brush_drums","6","","jazz_ballad_brush_recorded","NO","double_bass -> JAZZ_MEATBASS_PINNED (Jazz Ballad only)|electric_piano -> GREG_SULLIVAN_E_PIANOS|clarinet -> JAZZ_VSCO_CLARINET_PINNED (Jazz Ballad only)|brush_drums -> JAZZ_SWIRLY_BRUSH_PINNED (Jazz Ballad only) ; unresolved palette names: ","LIVE_JAZZ_BALLAD_UNVERIFIED_BY_LISTENING","NO","NOT_ASSESSED"
"Big Band","Jazz","100","200","4/4","double_bass|electric_piano|trumpet|trombone|drums_ride","7","KICK|SNARE|HAT","unverified_drums_ride","YES","double_bass -> JAZZ_MEATBASS_PINNED (Jazz Ballad only)|electric_piano -> GREG_SULLIVAN_E_PIANOS ; unresolved palette names: trumpet|trombone|drums_ride","DRAFT_SUGGESTED_RATIOS_NOT_DEPLOYED","NO","NOT_ASSESSED"
"Jazz Waltz","Jazz","85","180","3/4","double_bass|electric_piano|flute|brush_drums","6","KICK|SNARE|HAT","unverified_brush_drums","YES","double_bass -> JAZZ_MEATBASS_PINNED (Jazz Ballad only)|electric_piano -> GREG_SULLIVAN_E_PIANOS|brush_drums -> JAZZ_SWIRLY_BRUSH_PINNED (Jazz Ballad only) ; unresolved palette names: flute","DRAFT_SUGGESTED_RATIOS_NOT_DEPLOYED","NO","NOT_ASSESSED"
"Bebop","Jazz","145","300","4/4","double_bass|electric_piano|trumpet|drums_ride","6","KICK|SNARE|HAT","unverified_drums_ride","YES","double_bass -> JAZZ_MEATBASS_PINNED (Jazz Ballad only)|electric_piano -> GREG_SULLIVAN_E_PIANOS ; unresolved palette names: trumpet|drums_ride","DRAFT_SUGGESTED_RATIOS_NOT_DEPLOYED","NO","NOT_ASSESSED"
"Cool Jazz","Jazz","65","150","4/4|3/4","double_bass|electric_piano|flute|brush_drums","6","KICK|SNARE|HAT","unverified_brush_drums","YES","double_bass -> JAZZ_MEATBASS_PINNED (Jazz Ballad only)|electric_piano -> GREG_SULLIVAN_E_PIANOS|brush_drums -> JAZZ_SWIRLY_BRUSH_PINNED (Jazz Ballad only) ; unresolved palette names: flute","DRAFT_SUGGESTED_RATIOS_NOT_DEPLOYED","NO","NOT_ASSESSED"
"Dixieland","Jazz","95","220","4/4|2/4","double_bass|clarinet|trumpet|trombone|drums_ride","7","KICK|SNARE|HAT","unverified_drums_ride","YES","double_bass -> JAZZ_MEATBASS_PINNED (Jazz Ballad only)|clarinet -> JAZZ_VSCO_CLARINET_PINNED (Jazz Ballad only) ; unresolved palette names: trumpet|trombone|drums_ride","DRAFT_SUGGESTED_RATIOS_NOT_DEPLOYED","NO","NOT_ASSESSED"
"Jazz Fusion","Jazz","85","170","4/4|6/8|7/8","electric_bass|electric_piano|electric_guitar|synth_lead|drums","7","KICK|SNARE|HAT","unverified_drums","YES","electric_bass -> KARORYFER_GROWLYBASS_V1_002 (legacy alias)|electric_piano -> GREG_SULLIVAN_E_PIANOS|electric_guitar -> KARORYFER_SHINYGUITAR (role selector) ; unresolved palette names: synth_lead|drums","DRAFT_SUGGESTED_RATIOS_NOT_DEPLOYED","NO","NOT_ASSESSED"
"Rhythm and Blues","R_and_B_Soul_Funk_Disco","70","135","4/4|12/8","electric_bass|electric_piano|electric_guitar|drums","6","KICK|SNARE|HAT","unverified_drums","YES","electric_bass -> KARORYFER_GROWLYBASS_V1_002 (legacy alias)|electric_piano -> GREG_SULLIVAN_E_PIANOS|electric_guitar -> KARORYFER_SHINYGUITAR (role selector) ; unresolved palette names: drums","DRAFT_SUGGESTED_RATIOS_NOT_DEPLOYED","NO","NOT_ASSESSED"
"Soul","R_and_B_Soul_Funk_Disco","60","125","4/4|12/8","electric_bass|electric_piano|trumpet|drums","6","KICK|SNARE|HAT","unverified_drums","YES","electric_bass -> KARORYFER_GROWLYBASS_V1_002 (legacy alias)|electric_piano -> GREG_SULLIVAN_E_PIANOS ; unresolved palette names: trumpet|drums","DRAFT_SUGGESTED_RATIOS_NOT_DEPLOYED","NO","NOT_ASSESSED"
"Funk","R_and_B_Soul_Funk_Disco","88","125","4/4","electric_bass|electric_guitar|clav|drums","6","KICK|SNARE|HAT","unverified_drums","YES","electric_bass -> KARORYFER_GROWLYBASS_V1_002 (legacy alias)|electric_guitar -> KARORYFER_SHINYGUITAR (role selector) ; unresolved palette names: clav|drums","DRAFT_SUGGESTED_RATIOS_NOT_DEPLOYED","NO","NOT_ASSESSED"
"Contemporary R&B","R_and_B_Soul_Funk_Disco","55","110","4/4|6/8","synth_bass|electric_piano|synth_pad|drums_soft","6","KICK|SNARE|HAT","unverified_drums_soft","YES","electric_piano -> GREG_SULLIVAN_E_PIANOS ; unresolved palette names: synth_bass|synth_pad|drums_soft","DRAFT_SUGGESTED_RATIOS_NOT_DEPLOYED","NO","NOT_ASSESSED"
"Neo-Soul-related","R_and_B_Soul_Funk_Disco","60","105","4/4|6/8","electric_bass|electric_piano|electric_guitar|drums_soft","6","KICK|SNARE|HAT","unverified_drums_soft","YES","electric_bass -> KARORYFER_GROWLYBASS_V1_002 (legacy alias)|electric_piano -> GREG_SULLIVAN_E_PIANOS|electric_guitar -> KARORYFER_SHINYGUITAR (role selector) ; unresolved palette names: drums_soft","DRAFT_SUGGESTED_RATIOS_NOT_DEPLOYED","NO","NOT_ASSESSED"
"DISCO","R_and_B_Soul_Funk_Disco","112","132","4/4","electric_bass|electric_guitar|strings|drums_four","6","KICK|SNARE|HAT","unverified_drums_four","YES","electric_bass -> KARORYFER_GROWLYBASS_V1_002 (legacy alias)|electric_guitar -> KARORYFER_SHINYGUITAR (role selector) ; unresolved palette names: strings|drums_four","DRAFT_SUGGESTED_RATIOS_NOT_DEPLOYED","NO","NOT_ASSESSED"
"Traditional Country","Country_Bluegrass","75","145","4/4|2/4","electric_bass|acoustic_guitar|violin|drums","6","KICK|SNARE|HAT","unverified_drums","YES","electric_bass -> KARORYFER_GROWLYBASS_V1_002 (legacy alias) ; unresolved palette names: acoustic_guitar|violin|drums","DRAFT_SUGGESTED_RATIOS_NOT_DEPLOYED","NO","NOT_ASSESSED"
"Country Rock","Country_Bluegrass","95","155","4/4","electric_bass|electric_guitar|acoustic_guitar|drums","6","KICK|SNARE|HAT","unverified_drums","YES","electric_bass -> KARORYFER_GROWLYBASS_V1_002 (legacy alias)|electric_guitar -> KARORYFER_SHINYGUITAR (role selector) ; unresolved palette names: acoustic_guitar|drums","DRAFT_SUGGESTED_RATIOS_NOT_DEPLOYED","NO","NOT_ASSESSED"
"Country Ballad","Country_Bluegrass","50","90","4/4|6/8|3/4","electric_bass|acoustic_guitar|violin|drums_soft","6","KICK|SNARE|HAT","unverified_drums_soft","YES","electric_bass -> KARORYFER_GROWLYBASS_V1_002 (legacy alias) ; unresolved palette names: acoustic_guitar|violin|drums_soft","DRAFT_SUGGESTED_RATIOS_NOT_DEPLOYED","NO","NOT_ASSESSED"
"Country Shuffle","Country_Bluegrass","85","145","4/4|12/8","electric_bass|acoustic_guitar|electric_guitar|drums_shuffle","6","KICK|SNARE|HAT","unverified_drums_shuffle","YES","electric_bass -> KARORYFER_GROWLYBASS_V1_002 (legacy alias)|electric_guitar -> KARORYFER_SHINYGUITAR (role selector) ; unresolved palette names: acoustic_guitar|drums_shuffle","DRAFT_SUGGESTED_RATIOS_NOT_DEPLOYED","NO","NOT_ASSESSED"
"Two-Step","Country_Bluegrass","110","185","2/4|4/4","electric_bass|acoustic_guitar|violin|drums","6","KICK|SNARE|HAT","unverified_drums","YES","electric_bass -> KARORYFER_GROWLYBASS_V1_002 (legacy alias) ; unresolved palette names: acoustic_guitar|violin|drums","DRAFT_SUGGESTED_RATIOS_NOT_DEPLOYED","NO","NOT_ASSESSED"
"Country Waltz","Country_Bluegrass","65","120","3/4","double_bass|acoustic_guitar|violin|drums_soft","6","KICK|SNARE|HAT","unverified_drums_soft","YES","double_bass -> JAZZ_MEATBASS_PINNED (Jazz Ballad only) ; unresolved palette names: acoustic_guitar|violin|drums_soft","DRAFT_SUGGESTED_RATIOS_NOT_DEPLOYED","NO","NOT_ASSESSED"
"Bluegrass-related","Country_Bluegrass","105","190","2/4|4/4","double_bass|acoustic_guitar|violin|marimba","4","","","NO","double_bass -> JAZZ_MEATBASS_PINNED (Jazz Ballad only) ; unresolved palette names: acoustic_guitar|violin|marimba","DRAFT_SUGGESTED_RATIOS_NOT_DEPLOYED","NO","NOT_ASSESSED"
"Bossa Nova","Latin","80","145","4/4","double_bass|acoustic_guitar|electric_piano|conga","4","","","NO","double_bass -> JAZZ_MEATBASS_PINNED (Jazz Ballad only)|electric_piano -> GREG_SULLIVAN_E_PIANOS|conga -> FREEPATS_WORLD_PERCUSSION ; unresolved palette names: acoustic_guitar","DRAFT_SUGGESTED_RATIOS_NOT_DEPLOYED","NO","NOT_ASSESSED"
"Samba","Latin","90","130","2/4|4/4","electric_bass|electric_piano|conga|drums_latin","6","KICK|SNARE|HAT","unverified_drums_latin","YES","electric_bass -> KARORYFER_GROWLYBASS_V1_002 (legacy alias)|electric_piano -> GREG_SULLIVAN_E_PIANOS|conga -> FREEPATS_WORLD_PERCUSSION ; unresolved palette names: drums_latin","DRAFT_SUGGESTED_RATIOS_NOT_DEPLOYED","NO","NOT_ASSESSED"
"Salsa","Latin","145","220","4/4","electric_bass|electric_piano|trumpet|conga|drums_latin","7","KICK|SNARE|HAT","unverified_drums_latin","YES","electric_bass -> KARORYFER_GROWLYBASS_V1_002 (legacy alias)|electric_piano -> GREG_SULLIVAN_E_PIANOS|conga -> FREEPATS_WORLD_PERCUSSION ; unresolved palette names: trumpet|drums_latin","DRAFT_SUGGESTED_RATIOS_NOT_DEPLOYED","NO","NOT_ASSESSED"
"Mambo","Latin","155","235","4/4","electric_bass|electric_piano|trumpet|conga|drums_latin","7","KICK|SNARE|HAT","unverified_drums_latin","YES","electric_bass -> KARORYFER_GROWLYBASS_V1_002 (legacy alias)|electric_piano -> GREG_SULLIVAN_E_PIANOS|conga -> FREEPATS_WORLD_PERCUSSION ; unresolved palette names: trumpet|drums_latin","DRAFT_SUGGESTED_RATIOS_NOT_DEPLOYED","NO","NOT_ASSESSED"
"Rumba","Latin","75","125","4/4","double_bass|acoustic_guitar|conga|flute","4","","","NO","double_bass -> JAZZ_MEATBASS_PINNED (Jazz Ballad only)|conga -> FREEPATS_WORLD_PERCUSSION ; unresolved palette names: acoustic_guitar|flute","DRAFT_SUGGESTED_RATIOS_NOT_DEPLOYED","NO","NOT_ASSESSED"
"Cha-Cha","Latin","100","135","4/4","electric_bass|electric_piano|conga|drums_latin","6","KICK|SNARE|HAT","unverified_drums_latin","YES","electric_bass -> KARORYFER_GROWLYBASS_V1_002 (legacy alias)|electric_piano -> GREG_SULLIVAN_E_PIANOS|conga -> FREEPATS_WORLD_PERCUSSION ; unresolved palette names: drums_latin","DRAFT_SUGGESTED_RATIOS_NOT_DEPLOYED","NO","NOT_ASSESSED"
"Bolero","Latin","55","100","4/4|2/4","double_bass|acoustic_guitar|flute|conga","4","","","NO","double_bass -> JAZZ_MEATBASS_PINNED (Jazz Ballad only)|conga -> FREEPATS_WORLD_PERCUSSION ; unresolved palette names: acoustic_guitar|flute","DRAFT_SUGGESTED_RATIOS_NOT_DEPLOYED","NO","NOT_ASSESSED"
"House","Electronic_Dance","118","130","4/4","synth_bass|synth_chord|synth_lead|drums_electronic","6","KICK|SNARE|HAT","unverified_drums_electronic","YES"," ; unresolved palette names: synth_bass|synth_chord|synth_lead|drums_electronic","DRAFT_SUGGESTED_RATIOS_NOT_DEPLOYED","NO","NOT_ASSESSED"
"Techno","Electronic_Dance","125","150","4/4","synth_bass|synth_pulse|noise_fx|drums_electronic","6","KICK|SNARE|HAT","unverified_drums_electronic","YES"," ; unresolved palette names: synth_bass|synth_pulse|noise_fx|drums_electronic","DRAFT_SUGGESTED_RATIOS_NOT_DEPLOYED","NO","NOT_ASSESSED"
"Trance","Electronic_Dance","126","145","4/4","synth_bass|synth_pad|synth_arp|drums_electronic","6","KICK|SNARE|HAT","unverified_drums_electronic","YES"," ; unresolved palette names: synth_bass|synth_pad|synth_arp|drums_electronic","DRAFT_SUGGESTED_RATIOS_NOT_DEPLOYED","NO","NOT_ASSESSED"
"Ambient Electronic","Electronic_Dance","40","95","4/4|3/4|free","synth_pad|synth_arp|flute|noise_fx","4","","","NO"," ; unresolved palette names: synth_pad|synth_arp|flute|noise_fx","DRAFT_SUGGESTED_RATIOS_NOT_DEPLOYED","NO","NOT_ASSESSED"
"Downtempo","Electronic_Dance","65","110","4/4|6/8","synth_bass|electric_piano|synth_pad|break_drums","6","KICK|SNARE|HAT","unverified_break_drums","YES","electric_piano -> GREG_SULLIVAN_E_PIANOS ; unresolved palette names: synth_bass|synth_pad|break_drums","DRAFT_SUGGESTED_RATIOS_NOT_DEPLOYED","NO","NOT_ASSESSED"
"Breakbeat-related","Electronic_Dance","90","145","4/4","synth_bass|synth_chord|break_drums|noise_fx","6","KICK|SNARE|HAT","unverified_break_drums","YES"," ; unresolved palette names: synth_bass|synth_chord|break_drums|noise_fx","DRAFT_SUGGESTED_RATIOS_NOT_DEPLOYED","NO","NOT_ASSESSED"
"Garage-related","Electronic_Dance","124","140","4/4","synth_bass|synth_chord|synth_lead|break_drums","6","KICK|SNARE|HAT","unverified_break_drums","YES"," ; unresolved palette names: synth_bass|synth_chord|synth_lead|break_drums","DRAFT_SUGGESTED_RATIOS_NOT_DEPLOYED","NO","NOT_ASSESSED"
"Experimental Electronic","Electronic_Dance","40","180","4/4|3/4|6/8|7/8|free","synth_bass|synth_pad|noise_fx|break_drums","6","KICK|SNARE|HAT","unverified_break_drums","YES"," ; unresolved palette names: synth_bass|synth_pad|noise_fx|break_drums","DRAFT_SUGGESTED_RATIOS_NOT_DEPLOYED","NO","NOT_ASSESSED"
"Chugg / #chugg","Electronic_Dance","115","165","4/4","synth_bass|synth_lead|break_drums|noise_fx","6","KICK|SNARE|HAT","unverified_break_drums","YES"," ; unresolved palette names: synth_bass|synth_lead|break_drums|noise_fx","DRAFT_SUGGESTED_RATIOS_NOT_DEPLOYED","NO","NOT_ASSESSED"
"Eclectic New Indie","Indie_Alternative","70","150","4/4|3/4|6/8","electric_bass|electric_guitar|synth_pad|drums","6","KICK|SNARE|HAT","unverified_drums","YES","electric_bass -> KARORYFER_GROWLYBASS_V1_002 (legacy alias)|electric_guitar -> KARORYFER_SHINYGUITAR (role selector) ; unresolved palette names: synth_pad|drums","DRAFT_SUGGESTED_RATIOS_NOT_DEPLOYED","NO","NOT_ASSESSED"
"Mexican Reggaeton","Reggaeton","78","115","4/4","synth_bass|synth_chord|drums_dembow|noise_fx","6","KICK|SNARE|HAT","unverified_drums_dembow","YES"," ; unresolved palette names: synth_bass|synth_chord|drums_dembow|noise_fx","DRAFT_SUGGESTED_RATIOS_NOT_DEPLOYED","NO","NOT_ASSESSED"
"Afrobeats","Afrobeats_AfroLatin","90","125","4/4","electric_bass|electric_piano|conga|drums_afro","6","KICK|SNARE|HAT","unverified_drums_afro","YES","electric_bass -> KARORYFER_GROWLYBASS_V1_002 (legacy alias)|electric_piano -> GREG_SULLIVAN_E_PIANOS|conga -> FREEPATS_WORLD_PERCUSSION ; unresolved palette names: drums_afro","DRAFT_SUGGESTED_RATIOS_NOT_DEPLOYED","NO","NOT_ASSESSED"
"Afro-Latin / Afrobeats Fusion","Afrobeats_AfroLatin","90","130","4/4","synth_bass|electric_piano|synth_pad|drums_electronic","6","KICK|SNARE|HAT","unverified_drums_electronic","YES","electric_piano -> GREG_SULLIVAN_E_PIANOS ; unresolved palette names: synth_bass|synth_pad|drums_electronic","DRAFT_SUGGESTED_RATIOS_NOT_DEPLOYED","NO","NOT_ASSESSED"
"Afro House","Afrobeats_AfroLatin","115","125","4/4","synth_bass|synth_chord|conga|drums_four","6","KICK|SNARE|HAT","unverified_drums_four","YES","conga -> FREEPATS_WORLD_PERCUSSION ; unresolved palette names: synth_bass|synth_chord|drums_four","DRAFT_SUGGESTED_RATIOS_NOT_DEPLOYED","NO","NOT_ASSESSED"
"Trip-Hop","Trip_Hop","60","100","4/4","synth_bass|electric_piano|synth_pad|break_drums","6","KICK|SNARE|HAT","unverified_break_drums","YES","electric_piano -> GREG_SULLIVAN_E_PIANOS ; unresolved palette names: synth_bass|synth_pad|break_drums","DRAFT_SUGGESTED_RATIOS_NOT_DEPLOYED","NO","NOT_ASSESSED"
"Contemporary Trip-Hop / Trip-Hop Revival","Trip_Hop","60","105","4/4","synth_bass|synth_chord|synth_pad|break_drums","6","KICK|SNARE|HAT","unverified_break_drums","YES"," ; unresolved palette names: synth_bass|synth_chord|synth_pad|break_drums","DRAFT_SUGGESTED_RATIOS_NOT_DEPLOYED","NO","NOT_ASSESSED"
"Regional Electronic Hybrids","Hybrid_Custom","70","160","4/4|3/4|6/8","synth_bass|electric_piano|synth_pad|drums_electronic","6","KICK|SNARE|HAT","unverified_drums_electronic","YES","electric_piano -> GREG_SULLIVAN_E_PIANOS ; unresolved palette names: synth_bass|synth_pad|drums_electronic","DRAFT_SUGGESTED_RATIOS_NOT_DEPLOYED","NO","NOT_ASSESSED"
"Genre-Breaking / Borderless","Hybrid_Custom","50","180","4/4|3/4|6/8|7/8","synth_bass|electric_piano|synth_pad|drums_electronic","6","KICK|SNARE|HAT","unverified_drums_electronic","YES","electric_piano -> GREG_SULLIVAN_E_PIANOS ; unresolved palette names: synth_bass|synth_pad|drums_electronic","DRAFT_SUGGESTED_RATIOS_NOT_DEPLOYED","NO","NOT_ASSESSED"
"Custom Hybrid","Hybrid_Custom","40","200","4/4|3/4|6/8|7/8","synth_bass|electric_piano|synth_pad|drums_electronic","6","KICK|SNARE|HAT","unverified_drums_electronic","YES","electric_piano -> GREG_SULLIVAN_E_PIANOS ; unresolved palette names: synth_bass|synth_pad|drums_electronic","DRAFT_SUGGESTED_RATIOS_NOT_DEPLOYED","NO","NOT_ASSESSED"
"Custom Style","Hybrid_Custom","40","200","4/4|3/4|6/8|7/8","synth_bass|electric_piano|synth_pad|drums_electronic","6","KICK|SNARE|HAT","unverified_drums_electronic","YES","electric_piano -> GREG_SULLIVAN_E_PIANOS ; unresolved palette names: synth_bass|synth_pad|drums_electronic","DRAFT_SUGGESTED_RATIOS_NOT_DEPLOYED","NO","NOT_ASSESSED"
"Controlled Custom Style Profile","Hybrid_Custom","40","200","4/4|3/4|6/8|7/8","synth_bass|electric_piano|synth_pad|drums_electronic","6","KICK|SNARE|HAT","unverified_drums_electronic","YES","electric_piano -> GREG_SULLIVAN_E_PIANOS ; unresolved palette names: synth_bass|synth_pad|drums_electronic","DRAFT_SUGGESTED_RATIOS_NOT_DEPLOYED","NO","NOT_ASSESSED"
"Classical","Classical_Acoustic","55","150","4/4|3/4|2/4|6/8","double_bass|violin|flute|clarinet","4","","","NO","double_bass -> JAZZ_MEATBASS_PINNED (Jazz Ballad only)|clarinet -> JAZZ_VSCO_CLARINET_PINNED (Jazz Ballad only) ; unresolved palette names: violin|flute","DRAFT_SUGGESTED_RATIOS_NOT_DEPLOYED","NO","NOT_ASSESSED"
"WALTZ","Classical_Acoustic","60","180","3/4","double_bass|acoustic_guitar|violin|flute","4","","","NO","double_bass -> JAZZ_MEATBASS_PINNED (Jazz Ballad only) ; unresolved palette names: acoustic_guitar|violin|flute","DRAFT_SUGGESTED_RATIOS_NOT_DEPLOYED","NO","NOT_ASSESSED"
"PIANIST","Classical_Acoustic","45","160","4/4|3/4|6/8","piano","1","","","NO"," ; unresolved palette names: piano","DRAFT_SUGGESTED_RATIOS_NOT_DEPLOYED","NO","NOT_ASSESSED"
"New Age","New_Age_Spiritual","55","105","4/4|3/4|6/8","electric_piano|flute|strings|synth_pad","4","","","NO","electric_piano -> GREG_SULLIVAN_E_PIANOS ; unresolved palette names: flute|strings|synth_pad","DRAFT_SUGGESTED_RATIOS_NOT_DEPLOYED","NO","NOT_ASSESSED"
"Spiritual","New_Age_Spiritual","50","105","4/4|3/4|6/8","piano|strings|flute|choir","4","","","NO"," ; unresolved palette names: piano|strings|flute|choir","DRAFT_SUGGESTED_RATIOS_NOT_DEPLOYED","NO","NOT_ASSESSED"
